txt_3;
txt_9;
txt_14;
txt_15;
txt_16;
txt_17;
txt_18;
txt_19;
txt_20;
txt_21;
txt_22;
txt_23;
txt_24;
txt_28;
txt_29;
txt_32;
txt_33;
txt_35;
txt_39;
txt_44;
txt_71;
stmt_71;
txt_72;
stmt_72;
txt_73;
stmt_73;
txt_76;
stmt_76;
txt_77;
stmt_77;
txt_78;
stmt_78;
txt_79;
stmt_79;
txt_108;
txt_109;
txt_110;
txt_111;
txt_112;
txt_113;
txt_114;
txt_115;
txt_116;
txt_117;
txt_118;
txt_119;
txt_120;
txt_121;
txt_122;
txt_123;
txt_124;
txt_125;
txt_126;
txt_127;
txt_128;
txt_147;
stmt_147;
txt_148;
stmt_148;
txt_150;
stmt_150;
txt_151;
stmt_151;
txt_152;
stmt_152;
txt_169;
txt_170;
txt_171;
txt_172;
txt_173;
txt_174;
txt_175;
txt_176;
txt_177;
txt_178;
txt_179;
txt_180;
txt_181;
txt_182;
txt_184;
txt_194;
stmt_194;
txt_195;
stmt_195;
txt_196;
stmt_196;
txt_198;
stmt_198;
txt_199;
stmt_199;
txt_205;
stmt_205;
txt_206;
stmt_206;
txt_207;
stmt_207;
txt_208;
stmt_208;
txt_209;
stmt_209;
txt_211;
stmt_211;
txt_213;
stmt_213;
txt_214;
stmt_214;
txt_222;
txt_227;
txt_232;
txt_234;
txt_237;
txt_287;
txt_291;
txt_292;
txt_293;
txt_294;
txt_295;
txt_296;
txt_297;
txt_298;
txt_303;
txt_304;
txt_309;
txt_310;
txt_311;
txt_312;
txt_316;
stmt_316;
txt_317;
stmt_317;
txt_322;
stmt_322;
txt_323;
stmt_323;
txt_324;
stmt_324;
txt_325;
stmt_325;
txt_334;
stmt_334;
txt_335;
stmt_335;
txt_336;
stmt_336;
txt_337;
stmt_337;
txt_338;
stmt_338;
txt_339;
stmt_339;
txt_340;
stmt_340;
txt_341;
stmt_341;
txt_342;
stmt_342;
txt_343;
stmt_343;
txt_344;
stmt_344;
txt_346;
stmt_346;
txt_347;
stmt_347;
txt_348;
stmt_348;
txt_349;
stmt_349;
txt_383;
stmt_383;
txt_391;
stmt_391;
txt_392;
stmt_392;
txt_393;
stmt_393;
txt_394;
stmt_394;
txt_395;
stmt_395;
txt_396;
stmt_396;
txt_398;
stmt_398;
txt_399;
stmt_399;
txt_400;
stmt_400;
txt_417;
txt_418;
txt_419;
txt_430;
txt_445;
txt_446;
txt_447;
txt_454;
txt_455;
txt_456;
txt_471;
txt_476;
txt_477;
txt_478;
txt_485;
txt_488;
txt_489;
txt_490;
txt_535;
stmt_535;
txt_551;
stmt_551;
txt_566;
stmt_566;
txt_584;
stmt_584;
txt_591;
stmt_591;
txt_592;
stmt_592;
txt_594;
stmt_594;
txt_597;
stmt_597;
txt_598;
stmt_598;
txt_599;
stmt_599;
txt_605;
stmt_605;
txt_611;
txt_615;
txt_617;
txt_618;
txt_619;
txt_621;
txt_622;
txt_625;
txt_630;
txt_641;
stmt_641;
txt_662;
txt_664;
txt_665;
txt_666;
txt_667;
txt_668;
txt_670;
txt_671;
txt_672;
txt_674;
txt_675;
txt_676;
txt_677;
txt_678;
txt_679;
txt_680;
txt_681;
txt_682;
txt_683;
txt_684;
txt_685;
txt_686;
txt_688;
txt_689;
txt_691;
txt_692;
txt_693;
txt_695;
txt_696;
txt_697;
txt_698;
txt_700;
txt_701;
txt_702;
txt_703;
txt_704;
txt_705;
txt_706;
txt_711;
stmt_711;
txt_716;
stmt_716;
txt_717;
stmt_717;
txt_718;
stmt_718;
txt_719;
stmt_719;
txt_721;
stmt_721;
txt_722;
stmt_722;
txt_723;
stmt_723;
txt_724;
stmt_724;
txt_726;
stmt_726;
txt_727;
stmt_727;
txt_729;
stmt_729;
txt_731;
stmt_731;
txt_732;
stmt_732;
txt_733;
stmt_733;
txt_734;
stmt_734;
txt_735;
stmt_735;
txt_736;
stmt_736;
txt_740;
stmt_740;
txt_742;
stmt_742;
txt_743;
stmt_743;
txt_744;
stmt_744;
txt_745;
stmt_745;
txt_746;
stmt_746;
txt_747;
stmt_747;
txt_748;
stmt_748;
txt_749;
stmt_749;
txt_750;
stmt_750;
txt_751;
stmt_751;
txt_752;
stmt_752;
txt_753;
stmt_753;
txt_754;
stmt_754;
txt_755;
stmt_755;
txt_756;
stmt_756;
txt_757;
stmt_757;
txt_758;
stmt_758;
txt_759;
stmt_759;
txt_760;
stmt_760;
txt_761;
stmt_761;
txt_762;
stmt_762;
txt_763;
stmt_763;
txt_764;
stmt_764;
txt_765;
stmt_765;
txt_766;
stmt_766;
txt_767;
stmt_767;
txt_781;
txt_782;
txt_783;
txt_784;
txt_785;
txt_787;
txt_788;
txt_789;
txt_791;
txt_804;
stmt_804;
txt_808;
stmt_808;
txt_816;
txt_817;
txt_818;
txt_819;
txt_820;
txt_821;
txt_822;
txt_823;
txt_824;
txt_825;
txt_826;
txt_827;
txt_828;
txt_829;
stmt_829;
txt_830;
stmt_830;
txt_831;
stmt_831;
txt_832;
stmt_832;
txt_833;
stmt_833;
txt_834;
stmt_834;
txt_835;
stmt_835;
txt_836;
stmt_836;
txt_837;
stmt_837;
txt_838;
stmt_838;
txt_839;
stmt_839;
txt_840;
stmt_840;
txt_841;
stmt_841;
txt_842;
stmt_842;
txt_843;
stmt_843;
txt_844;
stmt_844;
txt_845;
stmt_845;
txt_876;
txt_877;
txt_878;
txt_879;
txt_880;
txt_881;
txt_882;
txt_883;
txt_884;
txt_885;
txt_886;
txt_887;
txt_888;
txt_889;
txt_890;
txt_891;
txt_892;
txt_893;
txt_894;
txt_895;
txt_896;
txt_898;
txt_899;
txt_900;
txt_901;
txt_902;
txt_903;
txt_913;
stmt_913;
txt_958;
stmt_958;
txt_969;
txt_970;
txt_973;
txt_976;
txt_977;
txt_978;
txt_979;
txt_980;
txt_981;
txt_982;
txt_983;
txt_984;
txt_985;
txt_986;
txt_987;
txt_1007;
stmt_1007;
txt_1008;
stmt_1008;
txt_1009;
stmt_1009;
txt_1022;
txt_1023;
txt_1024;
txt_1025;
txt_1026;
txt_1027;
txt_1028;
txt_1029;
txt_1030;
txt_1031;
txt_1032;
txt_1033;
txt_1034;
txt_1035;
txt_1036;
txt_1037;
txt_1038;
txt_1039;
txt_1040;
txt_1041;
txt_1042;
txt_1043;
txt_1044;
txt_1068;
stmt_1068;
txt_1069;
stmt_1069;
txt_1070;
stmt_1070;
txt_1071;
stmt_1071;
txt_1072;
stmt_1072;
txt_1073;
stmt_1073;
txt_1074;
stmt_1074;
txt_1168;
txt_1169;
txt_1171;
txt_1173;
txt_1174;
txt_1182;
txt_1186;
txt_1187;
txt_1188;
txt_1189;
txt_1190;
txt_1191;
txt_1192;
txt_1193;
txt_1194;
txt_1195;
txt_1196;
txt_1197;
txt_1224;
stmt_1224;
txt_1249;
txt_1254;
txt_1255;
txt_1256;
txt_1257;
txt_1258;
txt_1259;
txt_1260;
txt_1281;
stmt_1281;
txt_1286;
stmt_1286;
txt_1290;
stmt_1290;
txt_1292;
txt_1299;
stmt_1299;
txt_1300;
txt_1301;
stmt_1301;
txt_1302;
txt_1305;
stmt_1305;
txt_1306;
txt_1307;
stmt_1307;
txt_1308;
txt_1309;
txt_1310;
txt_1311;
stmt_1311;
txt_1317;
txt_1318;
txt_1320;
txt_1322;
txt_1325;
stmt_1325;
txt_1326;
txt_1330;
stmt_1330;
txt_1331;
stmt_1331;
txt_1335;
stmt_1335;
txt_1336;
txt_1337;
txt_1338;
stmt_1338;
txt_1339;
txt_1344;
txt_1345;
stmt_1345;
txt_1346;
stmt_1346;
txt_1347;
stmt_1347;
txt_1348;
stmt_1348;
txt_1349;
stmt_1349;
txt_1350;
stmt_1350;
txt_1351;
stmt_1351;
txt_1353;
stmt_1353;
txt_1354;
stmt_1354;
txt_1355;
stmt_1355;
txt_1356;
stmt_1356;
txt_1357;
stmt_1357;
txt_1358;
stmt_1358;
txt_1359;
stmt_1359;
txt_1360;
stmt_1360;
txt_1361;
stmt_1361;
txt_1362;
stmt_1362;
txt_1363;
stmt_1363;
txt_1364;
stmt_1364;
txt_1365;
stmt_1365;
txt_1366;
stmt_1366;
txt_1368;
stmt_1368;
txt_1369;
stmt_1369;
txt_1370;
stmt_1370;
txt_1371;
stmt_1371;
txt_1372;
stmt_1372;
txt_1374;
txt_1375;
txt_1376;
txt_1378;
txt_1379;
txt_1380;
txt_1381;
txt_1382;
txt_1383;
txt_1384;
txt_1385;
txt_1386;
txt_1387;
txt_1388;
txt_1389;
txt_1391;
txt_1392;
txt_1393;
txt_1394;
txt_1395;
txt_1396;
txt_1397;
txt_1398;
txt_1420;
stmt_1420;
txt_1421;
txt_1422;
stmt_1422;
txt_1423;
stmt_1423;
txt_1424;
stmt_1424;
txt_1425;
stmt_1425;
txt_1426;
stmt_1426;
txt_1427;
stmt_1427;
txt_1428;
stmt_1428;
txt_1429;
stmt_1429;
txt_1430;
stmt_1430;
txt_1431;
stmt_1431;
txt_1432;
stmt_1432;
txt_1433;
stmt_1433;
txt_1434;
txt_1435;
txt_1436;
txt_1437;
txt_1438;
txt_1439;
txt_1440;
txt_1466;
stmt_1466;
txt_1467;
stmt_1467;
txt_1468;
stmt_1468;
txt_1469;
stmt_1469;
txt_1470;
stmt_1470;
txt_1471;
stmt_1471;
txt_1472;
stmt_1472;
txt_1473;
stmt_1473;
txt_1474;
stmt_1474;
txt_1475;
stmt_1475;
txt_1476;
stmt_1476;
txt_1477;
stmt_1477;
txt_1478;
stmt_1478;
txt_1479;
stmt_1479;
txt_1480;
stmt_1480;
txt_1481;
stmt_1481;
txt_1482;
stmt_1482;
txt_1483;
stmt_1483;
txt_1484;
stmt_1484;
txt_1485;
stmt_1485;
txt_1486;
stmt_1486;
txt_1487;
stmt_1487;
txt_1488;
stmt_1488;
txt_1489;
stmt_1489;
txt_1490;
stmt_1490;
txt_1491;
stmt_1491;
txt_1492;
stmt_1492;
txt_1493;
stmt_1493;
txt_1494;
stmt_1494;
txt_1495;
stmt_1495;
txt_1496;
stmt_1496;
txt_1497;
stmt_1497;
txt_1498;
txt_1499;
txt_1500;
txt_1501;
txt_1502;
txt_1503;
txt_1504;
txt_1505;
txt_1506;
txt_1507;
txt_1508;
txt_1509;
txt_1510;
txt_1511;
txt_1512;
txt_1513;
txt_1514;
txt_1515;
txt_1516;
txt_1517;
txt_1518;
txt_1519;
txt_1520;
txt_1521;
txt_1522;
txt_1523;
txt_1524;
txt_1525;
stmt_1525;
txt_1526;
stmt_1526;
txt_1527;
stmt_1527;
txt_1528;
stmt_1528;
txt_1529;
stmt_1529;
txt_1530;
stmt_1530;
txt_1531;
stmt_1531;
txt_1532;
stmt_1532;
txt_1533;
stmt_1533;
txt_1534;
stmt_1534;
txt_1535;
stmt_1535;
txt_1536;
stmt_1536;
txt_1537;
stmt_1537;
txt_1538;
stmt_1538;
txt_1539;
stmt_1539;
txt_1540;
stmt_1540;
txt_1541;
stmt_1541;
txt_1542;
stmt_1542;
txt_1543;
stmt_1543;
txt_1544;
stmt_1544;
txt_1545;
stmt_1545;
txt_1546;
stmt_1546;
txt_1547;
stmt_1547;
txt_1548;
stmt_1548;
txt_1549;
stmt_1549;
txt_1550;
stmt_1550;
txt_1551;
stmt_1551;
txt_1552;
stmt_1552;
txt_1553;
stmt_1553;
txt_1560;
stmt_1560;
txt_1562;
stmt_1562;
txt_1563;
stmt_1563;
txt_1564;
stmt_1564;
txt_1569;
stmt_1569;
txt_1570;
txt_1579;
stmt_1579;
txt_1580;
txt_1581;
txt_1582;
txt_1583;
txt_1584;
txt_1585;
txt_1586;
txt_1588;
txt_1589;
txt_1590;
txt_1591;
txt_1592;
txt_1593;
txt_1594;
txt_1595;
txt_1596;
txt_1597;
txt_1598;
txt_1599;
txt_1600;
txt_1601;
txt_1602;
txt_1603;
txt_1604;
txt_1605;
txt_1606;
txt_1607;
txt_1615;
txt_1616;
stmt_1616;
txt_1623;
txt_1624;
txt_1625;
txt_1626;
txt_1627;
txt_1628;
txt_1679;
stmt_1679;
txt_1680;
stmt_1680;
txt_1681;
stmt_1681;
txt_1685;
txt_1689;
txt_1711;
txt_1712;
txt_1716;
stmt_1716;
txt_1717;
stmt_1717;
txt_1721;
stmt_1721;
txt_1722;
stmt_1722;
txt_1723;
stmt_1723;
txt_1724;
stmt_1724;
txt_1725;
stmt_1725;
txt_1726;
stmt_1726;
txt_1727;
stmt_1727;
txt_1728;
stmt_1728;
txt_1729;
stmt_1729;
txt_1730;
txt_1731;
txt_1732;
txt_1733;
txt_1734;
txt_1735;
txt_1736;
stmt_1736;
txt_1737;
txt_1738;
stmt_1738;
txt_1739;
txt_1753;
stmt_1753;
txt_1754;
txt_1755;
stmt_1755;
txt_1756;
stmt_1756;
txt_1757;
txt_1758;
txt_1768;
stmt_1768;
txt_1769;
stmt_1769;
txt_1770;
stmt_1770;
txt_1771;
stmt_1771;
txt_1772;
txt_1773;
txt_1774;
txt_1775;
txt_1776;
txt_1777;
stmt_1777;
txt_1778;
stmt_1778;
txt_1779;
stmt_1779;
txt_1780;
stmt_1780;
txt_1781;
txt_1782;
txt_1783;
txt_1784;
stmt_1784;
txt_1785;
stmt_1785;
txt_1786;
stmt_1786;
txt_1787;
stmt_1787;
txt_1788;
stmt_1788;
txt_1789;
stmt_1789;
txt_1790;
stmt_1790;
txt_1791;
stmt_1791;
txt_1792;
stmt_1792;
txt_1793;
stmt_1793;
txt_1794;
stmt_1794;
txt_1795;
stmt_1795;
txt_1796;
stmt_1796;
txt_1797;
stmt_1797;
txt_1798;
stmt_1798;
txt_1799;
stmt_1799;
txt_1800;
stmt_1800;
txt_1801;
stmt_1801;
txt_1802;
stmt_1802;
txt_1803;
stmt_1803;
txt_1804;
stmt_1804;
txt_1805;
stmt_1805;
txt_1806;
stmt_1806;
txt_1807;
txt_1808;
txt_1809;
txt_1812;
stmt_1812;
txt_1813;
stmt_1813;
txt_1814;
stmt_1814;
txt_1815;
stmt_1815;
txt_1816;
stmt_1816;
txt_1817;
txt_1818;
txt_1819;
txt_1820;
txt_1821;
txt_1822;
stmt_1822;
txt_1823;
stmt_1823;
txt_1824;
stmt_1824;
txt_1825;
stmt_1825;
txt_1826;
txt_1827;
txt_1828;
txt_1829;
txt_1830;
stmt_1830;
txt_1831;
txt_1832;
stmt_1832;
txt_1833;
txt_1834;
stmt_1834;
txt_1835;
txt_1836;
stmt_1836;
txt_1837;
txt_1838;
stmt_1838;
txt_1839;
stmt_1839;
txt_1840;
stmt_1840;
txt_1841;
stmt_1841;
txt_1842;
stmt_1842;
txt_1843;
stmt_1843;
txt_1844;
stmt_1844;
txt_1845;
stmt_1845;
txt_1846;
txt_1847;
txt_1848;
txt_1849;
txt_1850;
txt_1851;
txt_1852;
stmt_1852;
txt_1879;
stmt_1879;
txt_1880;
stmt_1880;
txt_1881;
txt_1882;
txt_1883;
txt_1884;
stmt_1884;
txt_1885;
txt_1886;
stmt_1886;
txt_1887;
stmt_1887;
txt_1888;
stmt_1888;
txt_1889;
stmt_1889;
txt_1890;
stmt_1890;
txt_1891;
stmt_1891;
txt_1892;
stmt_1892;
txt_1893;
stmt_1893;
txt_1894;
txt_1895;
txt_1896;
txt_1897;
txt_1898;
txt_1899;
txt_1900;
stmt_1900;
txt_1901;
stmt_1901;
txt_1902;
stmt_1902;
txt_1903;
stmt_1903;
txt_1904;
stmt_1904;
txt_1905;
txt_1906;
txt_1907;
txt_1908;
txt_1909;
stmt_1909;
txt_1910;
stmt_1910;
txt_1911;
stmt_1911;
txt_1912;
stmt_1912;
txt_1913;
stmt_1913;
txt_1914;
stmt_1914;
txt_1915;
stmt_1915;
txt_1916;
stmt_1916;
txt_1917;
txt_1918;
txt_1919;
txt_1920;
txt_1921;
txt_1922;
txt_1923;
txt_1924;
stmt_1924;
txt_1925;
stmt_1925;
txt_1926;
stmt_1926;
txt_1927;
stmt_1927;
txt_1928;
stmt_1928;
txt_1929;
stmt_1929;
txt_1930;
txt_1931;
txt_1932;
txt_1933;
txt_1934;
txt_1935;
txt_1936;
stmt_1936;
txt_1937;
stmt_1937;
txt_1938;
stmt_1938;
txt_1939;
stmt_1939;
txt_1940;
stmt_1940;
txt_1942;
stmt_1942;
txt_1943;
txt_1944;
